"filename", "language", "TypeScript", "Vue", "Markdown", "Less", "JSON with Comments", "JSON", "JavaScript", "ReactNativeToolsOutput", "YAML", "CSS", "XML", "HTML", "comment", "blank", "total"
"/Users/velen/Desktop/work/sc/frontend/sc-ui/.docs/.vitepress/config.js", "JavaScript", 0, 0, 0, 0, 0, 0, 57, 0, 0, 0, 0, 0, 0, 2, 59
"/Users/velen/Desktop/work/sc/frontend/sc-ui/.docs/.vitepress/sidebar.js", "JavaScript", 0, 0, 0, 0, 0, 0, 108, 0, 0, 0, 0, 0, 9, 0, 117
"/Users/velen/Desktop/work/sc/frontend/sc-ui/.docs/.vitepress/theme/index.ts", "TypeScript", 12, 0, 0, 0, 0, 0, 0, 0, 0, 0, 0, 0, 10, 8, 30
"/Users/velen/Desktop/work/sc/frontend/sc-ui/.docs/.vitepress/theme/theme.css", "CSS", 0, 0, 0, 0, 0, 0, 0, 0, 0, 1480, 0, 0, 0, 291, 1771
"/Users/velen/Desktop/work/sc/frontend/sc-ui/.docs/.vitepress/theme/var.css", "CSS", 0, 0, 0, 0, 0, 0, 0, 0, 0, 127, 0, 0, 32, 27, 186
"/Users/velen/Desktop/work/sc/frontend/sc-ui/.docs/alert/index.md", "Markdown", 0, 0, 75, 0, 0, 0, 0, 0, 0, 0, 0, 0, 1, 23, 99
"/Users/velen/Desktop/work/sc/frontend/sc-ui/.docs/contextMenu/index.md", "Markdown", 0, 0, 7, 0, 0, 0, 0, 0, 0, 0, 0, 0, 0, 3, 10
"/Users/velen/Desktop/work/sc/frontend/sc-ui/.docs/drawer/index.md", "Markdown", 0, 0, 15, 0, 0, 0, 0, 0, 0, 0, 0, 0, 0, 6, 21
"/Users/velen/Desktop/work/sc/frontend/sc-ui/.docs/en/Table/index.md", "Markdown", 0, 0, 7, 0, 0, 0, 0, 0, 0, 0, 0, 0, 0, 3, 10
"/Users/velen/Desktop/work/sc/frontend/sc-ui/.docs/en/alert/index.md", "Markdown", 0, 0, 7, 0, 0, 0, 0, 0, 0, 0, 0, 0, 0, 3, 10
"/Users/velen/Desktop/work/sc/frontend/sc-ui/.docs/en/contextMenu/index.md", "Markdown", 0, 0, 7, 0, 0, 0, 0, 0, 0, 0, 0, 0, 0, 3, 10
"/Users/velen/Desktop/work/sc/frontend/sc-ui/.docs/en/index.md", "Markdown", 0, 0, 7, 0, 0, 0, 0, 0, 0, 0, 0, 0, 0, 3, 10
"/Users/velen/Desktop/work/sc/frontend/sc-ui/.docs/en/modal/index.md", "Markdown", 0, 0, 7, 0, 0, 0, 0, 0, 0, 0, 0, 0, 0, 3, 10
"/Users/velen/Desktop/work/sc/frontend/sc-ui/.docs/en/password/index.md", "Markdown", 0, 0, 7, 0, 0, 0, 0, 0, 0, 0, 0, 0, 0, 3, 10
"/Users/velen/Desktop/work/sc/frontend/sc-ui/.docs/en/radio/index.md", "Markdown", 0, 0, 7, 0, 0, 0, 0, 0, 0, 0, 0, 0, 0, 3, 10
"/Users/velen/Desktop/work/sc/frontend/sc-ui/.docs/en/steps/index.md", "Markdown", 0, 0, 7, 0, 0, 0, 0, 0, 0, 0, 0, 0, 0, 3, 10
"/Users/velen/Desktop/work/sc/frontend/sc-ui/.docs/en/tabs/index.md", "Markdown", 0, 0, 7, 0, 0, 0, 0, 0, 0, 0, 0, 0, 0, 3, 10
"/Users/velen/Desktop/work/sc/frontend/sc-ui/.docs/index.md", "Markdown", 0, 0, 7, 0, 0, 0, 0, 0, 0, 0, 0, 0, 0, 3, 10
"/Users/velen/Desktop/work/sc/frontend/sc-ui/.docs/modal/index.md", "Markdown", 0, 0, 92, 0, 0, 0, 0, 0, 0, 0, 0, 0, 0, 22, 114
"/Users/velen/Desktop/work/sc/frontend/sc-ui/.docs/password/index.md", "Markdown", 0, 0, 7, 0, 0, 0, 0, 0, 0, 0, 0, 0, 0, 3, 10
"/Users/velen/Desktop/work/sc/frontend/sc-ui/.docs/public/font/demo.css", "CSS", 0, 0, 0, 0, 0, 0, 0, 0, 0, 435, 0, 0, 19, 86, 540
"/Users/velen/Desktop/work/sc/frontend/sc-ui/.docs/public/font/demo_index.html", "HTML", 0, 0, 0, 0, 0, 0, 0, 0, 0, 0, 0, 1612, 2, 232, 1846
"/Users/velen/Desktop/work/sc/frontend/sc-ui/.docs/public/font/iconfont.css", "CSS", 0, 0, 0, 0, 0, 0, 0, 0, 0, 230, 0, 0, 0, 75, 305
"/Users/velen/Desktop/work/sc/frontend/sc-ui/.docs/public/font/iconfont.js", "JavaScript", 0, 0, 0, 0, 0, 0, 1, 0, 0, 0, 0, 0, 0, 0, 1
"/Users/velen/Desktop/work/sc/frontend/sc-ui/.docs/public/font/iconfont.json", "JSON", 0, 0, 0, 0, 0, 513, 0, 0, 0, 0, 0, 0, 0, 1, 514
"/Users/velen/Desktop/work/sc/frontend/sc-ui/.docs/public/font/iconfont.svg", "XML", 0, 0, 0, 0, 0, 0, 0, 0, 0, 0, 90, 0, 0, 74, 164
"/Users/velen/Desktop/work/sc/frontend/sc-ui/.docs/public/logo.svg", "XML", 0, 0, 0, 0, 0, 0, 0, 0, 0, 0, 19, 0, 0, 0, 19
"/Users/velen/Desktop/work/sc/frontend/sc-ui/.docs/radio/index.md", "Markdown", 0, 0, 28, 0, 0, 0, 0, 0, 0, 0, 0, 0, 0, 10, 38
"/Users/velen/Desktop/work/sc/frontend/sc-ui/.docs/steps/index.md", "Markdown", 0, 0, 48, 0, 0, 0, 0, 0, 0, 0, 0, 0, 0, 21, 69
"/Users/velen/Desktop/work/sc/frontend/sc-ui/.docs/table/index.md", "Markdown", 0, 0, 427, 0, 0, 0, 0, 0, 0, 0, 0, 0, 0, 185, 612
"/Users/velen/Desktop/work/sc/frontend/sc-ui/.docs/tabs/index.md", "Markdown", 0, 0, 21, 0, 0, 0, 0, 0, 0, 0, 0, 0, 0, 8, 29
"/Users/velen/Desktop/work/sc/frontend/sc-ui/.eslintrc.cjs", "JavaScript", 0, 0, 0, 0, 0, 0, 33, 0, 0, 0, 0, 0, 1, 2, 36
"/Users/velen/Desktop/work/sc/frontend/sc-ui/.prettierrc.js", "JavaScript", 0, 0, 0, 0, 0, 0, 7, 0, 0, 0, 0, 0, 0, 1, 8
"/Users/velen/Desktop/work/sc/frontend/sc-ui/README.md", "Markdown", 0, 0, 2, 0, 0, 0, 0, 0, 0, 0, 0, 0, 0, 1, 3
"/Users/velen/Desktop/work/sc/frontend/sc-ui/build/constant.ts", "TypeScript", 5, 0, 0, 0, 0, 0, 0, 0, 0, 0, 0, 0, 5, 0, 10
"/Users/velen/Desktop/work/sc/frontend/sc-ui/build/plugin/index.ts", "TypeScript", 48, 0, 0, 0, 0, 0, 0, 0, 0, 0, 0, 0, 6, 7, 61
"/Users/velen/Desktop/work/sc/frontend/sc-ui/build/plugin/legacy.ts", "TypeScript", 6, 0, 0, 0, 0, 0, 0, 0, 0, 0, 0, 0, 1, 1, 8
"/Users/velen/Desktop/work/sc/frontend/sc-ui/build/plugin/visualizer.ts", "TypeScript", 9, 0, 0, 0, 0, 0, 0, 0, 0, 0, 0, 0, 0, 1, 10
"/Users/velen/Desktop/work/sc/frontend/sc-ui/build/plugin/windicss.ts", "TypeScript", 4, 0, 0, 0, 0, 0, 0, 0, 0, 0, 0, 0, 0, 2, 6
"/Users/velen/Desktop/work/sc/frontend/sc-ui/build/theme/index.ts", "TypeScript", 6, 0, 0, 0, 0, 0, 0, 0, 0, 0, 0, 0, 0, 2, 8
"/Users/velen/Desktop/work/sc/frontend/sc-ui/build/theme/variables.less", "Less", 0, 0, 0, 14, 0, 0, 0, 0, 0, 0, 0, 0, 0, 0, 14
"/Users/velen/Desktop/work/sc/frontend/sc-ui/docs/.vitepress/config.js", "JavaScript", 0, 0, 0, 0, 0, 0, 57, 0, 0, 0, 0, 0, 0, 2, 59
"/Users/velen/Desktop/work/sc/frontend/sc-ui/docs/.vitepress/sidebar.js", "JavaScript", 0, 0, 0, 0, 0, 0, 108, 0, 0, 0, 0, 0, 9, 0, 117
"/Users/velen/Desktop/work/sc/frontend/sc-ui/docs/.vitepress/theme/index.ts", "TypeScript", 12, 0, 0, 0, 0, 0, 0, 0, 0, 0, 0, 0, 10, 8, 30
"/Users/velen/Desktop/work/sc/frontend/sc-ui/docs/.vitepress/theme/theme.css", "CSS", 0, 0, 0, 0, 0, 0, 0, 0, 0, 1480, 0, 0, 0, 291, 1771
"/Users/velen/Desktop/work/sc/frontend/sc-ui/docs/.vitepress/theme/var.css", "CSS", 0, 0, 0, 0, 0, 0, 0, 0, 0, 127, 0, 0, 32, 27, 186
"/Users/velen/Desktop/work/sc/frontend/sc-ui/docs/public/font/demo.css", "CSS", 0, 0, 0, 0, 0, 0, 0, 0, 0, 435, 0, 0, 19, 86, 540
"/Users/velen/Desktop/work/sc/frontend/sc-ui/docs/public/font/demo_index.html", "HTML", 0, 0, 0, 0, 0, 0, 0, 0, 0, 0, 0, 1612, 2, 232, 1846
"/Users/velen/Desktop/work/sc/frontend/sc-ui/docs/public/font/iconfont.css", "CSS", 0, 0, 0, 0, 0, 0, 0, 0, 0, 230, 0, 0, 0, 75, 305
"/Users/velen/Desktop/work/sc/frontend/sc-ui/docs/public/font/iconfont.js", "JavaScript", 0, 0, 0, 0, 0, 0, 1, 0, 0, 0, 0, 0, 0, 0, 1
"/Users/velen/Desktop/work/sc/frontend/sc-ui/docs/public/font/iconfont.json", "JSON", 0, 0, 0, 0, 0, 513, 0, 0, 0, 0, 0, 0, 0, 1, 514
"/Users/velen/Desktop/work/sc/frontend/sc-ui/docs/public/font/iconfont.svg", "XML", 0, 0, 0, 0, 0, 0, 0, 0, 0, 0, 90, 0, 0, 74, 164
"/Users/velen/Desktop/work/sc/frontend/sc-ui/docs/public/logo.svg", "XML", 0, 0, 0, 0, 0, 0, 0, 0, 0, 0, 19, 0, 0, 0, 19
"/Users/velen/Desktop/work/sc/frontend/sc-ui/package copy.json", "JSON", 0, 0, 0, 0, 0, 104, 0, 0, 0, 0, 0, 0, 0, 1, 105
"/Users/velen/Desktop/work/sc/frontend/sc-ui/package copy1.json", "JSON", 0, 0, 0, 0, 0, 35, 0, 0, 0, 0, 0, 0, 0, 1, 36
"/Users/velen/Desktop/work/sc/frontend/sc-ui/package.json", "JSON", 0, 0, 0, 0, 0, 130, 0, 0, 0, 0, 0, 0, 0, 0, 130
"/Users/velen/Desktop/work/sc/frontend/sc-ui/pnpm-lock.yaml", "YAML", 0, 0, 0, 0, 0, 0, 0, 0, 7463, 0, 0, 0, 0, 1140, 8603
"/Users/velen/Desktop/work/sc/frontend/sc-ui/src/__docs__/index.en-US.md", "Markdown", 0, 0, 6, 0, 0, 0, 0, 0, 0, 0, 0, 0, 0, 3, 9
"/Users/velen/Desktop/work/sc/frontend/sc-ui/src/__docs__/index.zh-CN.md", "Markdown", 0, 0, 6, 0, 0, 0, 0, 0, 0, 0, 0, 0, 0, 3, 9
"/Users/velen/Desktop/work/sc/frontend/sc-ui/src/constans/index.ts", "TypeScript", 13, 0, 0, 0, 0, 0, 0, 0, 0, 0, 0, 0, 0, 0, 13
"/Users/velen/Desktop/work/sc/frontend/sc-ui/src/direactives/clickOutside.ts", "TypeScript", 103, 0, 0, 0, 0, 0, 0, 0, 0, 0, 0, 0, 4, 13, 120
"/Users/velen/Desktop/work/sc/frontend/sc-ui/src/direactives/index.ts", "TypeScript", 7, 0, 0, 0, 0, 0, 0, 0, 0, 0, 0, 0, 0, 3, 10
"/Users/velen/Desktop/work/sc/frontend/sc-ui/src/direactives/textCollapse.ts", "TypeScript", 41, 0, 0, 0, 0, 0, 0, 0, 0, 0, 0, 0, 0, 5, 46
"/Users/velen/Desktop/work/sc/frontend/sc-ui/src/enums/status.ts", "TypeScript", 6, 0, 0, 0, 0, 0, 0, 0, 0, 0, 0, 0, 0, 0, 6
"/Users/velen/Desktop/work/sc/frontend/sc-ui/src/env.d.ts", "TypeScript", 5, 0, 0, 0, 0, 0, 0, 0, 0, 0, 0, 0, 2, 2, 9
"/Users/velen/Desktop/work/sc/frontend/sc-ui/src/hooks/index.ts", "TypeScript", 1, 0, 0, 0, 0, 0, 0, 0, 0, 0, 0, 0, 0, 0, 1
"/Users/velen/Desktop/work/sc/frontend/sc-ui/src/hooks/useAttrs.ts", "TypeScript", 3, 0, 0, 0, 0, 0, 0, 0, 0, 0, 0, 0, 0, 1, 4
"/Users/velen/Desktop/work/sc/frontend/sc-ui/src/hooks/useDraggable.ts", "TypeScript", 74, 0, 0, 0, 0, 0, 0, 0, 0, 0, 0, 0, 0, 14, 88
"/Users/velen/Desktop/work/sc/frontend/sc-ui/src/hooks/useTimeoutFn.ts", "TypeScript", 38, 0, 0, 0, 0, 0, 0, 0, 0, 0, 0, 0, 0, 8, 46
"/Users/velen/Desktop/work/sc/frontend/sc-ui/src/index.ts", "TypeScript", 50, 0, 0, 0, 0, 0, 0, 0, 0, 0, 0, 0, 1, 13, 64
"/Users/velen/Desktop/work/sc/frontend/sc-ui/src/package/alert/component/ScAlert.vue", "Vue", 0, 40, 0, 0, 0, 0, 0, 0, 0, 0, 0, 0, 0, 4, 44
"/Users/velen/Desktop/work/sc/frontend/sc-ui/src/package/alert/component/type.ts", "TypeScript", 20, 0, 0, 0, 0, 0, 0, 0, 0, 0, 0, 0, 9, 3, 32
"/Users/velen/Desktop/work/sc/frontend/sc-ui/src/package/alert/demo/basic.vue", "Vue", 0, 14, 0, 0, 0, 0, 0, 0, 0, 0, 0, 0, 0, 3, 17
"/Users/velen/Desktop/work/sc/frontend/sc-ui/src/package/alert/demo/close.vue", "Vue", 0, 14, 0, 0, 0, 0, 0, 0, 0, 0, 0, 0, 0, 3, 17
"/Users/velen/Desktop/work/sc/frontend/sc-ui/src/package/alert/demo/desc.vue", "Vue", 0, 29, 0, 0, 0, 0, 0, 0, 0, 0, 0, 0, 0, 2, 31
"/Users/velen/Desktop/work/sc/frontend/sc-ui/src/package/alert/demo/icon.vue", "Vue", 0, 14, 0, 0, 0, 0, 0, 0, 0, 0, 0, 0, 0, 3, 17
"/Users/velen/Desktop/work/sc/frontend/sc-ui/src/package/alert/demo/selfClose.vue", "Vue", 0, 12, 0, 0, 0, 0, 0, 0, 0, 0, 0, 0, 0, 3, 15
"/Users/velen/Desktop/work/sc/frontend/sc-ui/src/package/alert/demo/selfDesc.vue", "Vue", 0, 42, 0, 0, 0, 0, 0, 0, 0, 0, 0, 0, 1, 3, 46
"/Users/velen/Desktop/work/sc/frontend/sc-ui/src/package/alert/demo/selfMessage.vue", "Vue", 0, 46, 0, 0, 0, 0, 0, 0, 0, 0, 0, 0, 0, 4, 50
"/Users/velen/Desktop/work/sc/frontend/sc-ui/src/package/alert/index.en-US.md", "Markdown", 0, 0, 6, 0, 0, 0, 0, 0, 0, 0, 0, 0, 0, 3, 9
"/Users/velen/Desktop/work/sc/frontend/sc-ui/src/package/alert/index.ts", "TypeScript", 6, 0, 0, 0, 0, 0, 0, 0, 0, 0, 0, 0, 0, 3, 9
"/Users/velen/Desktop/work/sc/frontend/sc-ui/src/package/alert/index.zh-CN.md", "Markdown", 0, 0, 74, 0, 0, 0, 0, 0, 0, 0, 0, 0, 1, 23, 98
"/Users/velen/Desktop/work/sc/frontend/sc-ui/src/package/contextMenu/index.en-US.md", "Markdown", 0, 0, 6, 0, 0, 0, 0, 0, 0, 0, 0, 0, 0, 3, 9
"/Users/velen/Desktop/work/sc/frontend/sc-ui/src/package/contextMenu/index.ts", "TypeScript", 0, 0, 0, 0, 0, 0, 0, 0, 0, 0, 0, 0, 0, 1, 1
"/Users/velen/Desktop/work/sc/frontend/sc-ui/src/package/contextMenu/index.zh-CN.md", "Markdown", 0, 0, 6, 0, 0, 0, 0, 0, 0, 0, 0, 0, 0, 3, 9
"/Users/velen/Desktop/work/sc/frontend/sc-ui/src/package/drawer/component/ScDrawer.vue", "Vue", 0, 39, 0, 0, 0, 0, 0, 0, 0, 0, 0, 0, 0, 4, 43
"/Users/velen/Desktop/work/sc/frontend/sc-ui/src/package/drawer/component/type.ts", "TypeScript", 20, 0, 0, 0, 0, 0, 0, 0, 0, 0, 0, 0, 9, 3, 32
"/Users/velen/Desktop/work/sc/frontend/sc-ui/src/package/drawer/demo/basic.vue", "Vue", 0, 14, 0, 0, 0, 0, 0, 0, 0, 0, 0, 0, 0, 3, 17
"/Users/velen/Desktop/work/sc/frontend/sc-ui/src/package/drawer/index.en-US.md", "Markdown", 0, 0, 6, 0, 0, 0, 0, 0, 0, 0, 0, 0, 0, 3, 9
"/Users/velen/Desktop/work/sc/frontend/sc-ui/src/package/drawer/index.ts", "TypeScript", 6, 0, 0, 0, 0, 0, 0, 0, 0, 0, 0, 0, 0, 3, 9
"/Users/velen/Desktop/work/sc/frontend/sc-ui/src/package/drawer/index.zh-CN.md", "Markdown", 0, 0, 14, 0, 0, 0, 0, 0, 0, 0, 0, 0, 0, 6, 20
"/Users/velen/Desktop/work/sc/frontend/sc-ui/src/package/loading/component/Loading.vue", "Vue", 0, 78, 0, 0, 0, 0, 0, 0, 0, 0, 0, 0, 0, 3, 81
"/Users/velen/Desktop/work/sc/frontend/sc-ui/src/package/loading/component/createLoading.ts", "TypeScript", 56, 0, 0, 0, 0, 0, 0, 0, 0, 0, 0, 0, 0, 9, 65
"/Users/velen/Desktop/work/sc/frontend/sc-ui/src/package/loading/component/typing.ts", "TypeScript", 11, 0, 0, 0, 0, 0, 0, 0, 0, 0, 0, 0, 0, 2, 13
"/Users/velen/Desktop/work/sc/frontend/sc-ui/src/package/loading/component/useLoading.ts", "TypeScript", 39, 0, 0, 0, 0, 0, 0, 0, 0, 0, 0, 0, 0, 11, 50
"/Users/velen/Desktop/work/sc/frontend/sc-ui/src/package/loading/index.ts", "TypeScript", 6, 0, 0, 0, 0, 0, 0, 0, 0, 0, 0, 0, 7, 5, 18
"/Users/velen/Desktop/work/sc/frontend/sc-ui/src/package/modal/components/ScModal.vue", "Vue", 0, 190, 0, 0, 0, 0, 0, 0, 0, 0, 0, 0, 0, 17, 207
"/Users/velen/Desktop/work/sc/frontend/sc-ui/src/package/modal/components/type.ts", "TypeScript", 76, 0, 0, 0, 0, 0, 0, 0, 0, 0, 0, 0, 2, 1, 79
"/Users/velen/Desktop/work/sc/frontend/sc-ui/src/package/modal/demo/basic.vue", "Vue", 0, 32, 0, 0, 0, 0, 0, 0, 0, 0, 0, 0, 0, 7, 39
"/Users/velen/Desktop/work/sc/frontend/sc-ui/src/package/modal/demo/draggable.vue", "Vue", 0, 38, 0, 0, 0, 0, 0, 0, 0, 0, 0, 0, 0, 9, 47
"/Users/velen/Desktop/work/sc/frontend/sc-ui/src/package/modal/demo/notClose.vue", "Vue", 0, 33, 0, 0, 0, 0, 0, 0, 0, 0, 0, 0, 0, 7, 40
"/Users/velen/Desktop/work/sc/frontend/sc-ui/src/package/modal/demo/selfFooter.vue", "Vue", 0, 49, 0, 0, 0, 0, 0, 0, 0, 0, 0, 0, 0, 7, 56
"/Users/velen/Desktop/work/sc/frontend/sc-ui/src/package/modal/demo/selftHeader.vue", "Vue", 0, 34, 0, 0, 0, 0, 0, 0, 0, 0, 0, 0, 0, 7, 41
"/Users/velen/Desktop/work/sc/frontend/sc-ui/src/package/modal/demo/tooltip.vue", "Vue", 0, 34, 0, 0, 0, 0, 0, 0, 0, 0, 0, 0, 0, 7, 41
"/Users/velen/Desktop/work/sc/frontend/sc-ui/src/package/modal/demo/type.vue", "Vue", 0, 49, 0, 0, 0, 0, 0, 0, 0, 0, 0, 0, 0, 7, 56
"/Users/velen/Desktop/work/sc/frontend/sc-ui/src/package/modal/index.en-US.md", "Markdown", 0, 0, 6, 0, 0, 0, 0, 0, 0, 0, 0, 0, 0, 3, 9
"/Users/velen/Desktop/work/sc/frontend/sc-ui/src/package/modal/index.ts", "TypeScript", 7, 0, 0, 0, 0, 0, 0, 0, 0, 0, 0, 0, 0, 2, 9
"/Users/velen/Desktop/work/sc/frontend/sc-ui/src/package/modal/index.zh-CN.md", "Markdown", 0, 0, 91, 0, 0, 0, 0, 0, 0, 0, 0, 0, 0, 21, 112
"/Users/velen/Desktop/work/sc/frontend/sc-ui/src/package/password/index.en-US.md", "Markdown", 0, 0, 6, 0, 0, 0, 0, 0, 0, 0, 0, 0, 0, 3, 9
"/Users/velen/Desktop/work/sc/frontend/sc-ui/src/package/password/index.ts", "TypeScript", 0, 0, 0, 0, 0, 0, 0, 0, 0, 0, 0, 0, 0, 1, 1
"/Users/velen/Desktop/work/sc/frontend/sc-ui/src/package/password/index.zh-CN.md", "Markdown", 0, 0, 6, 0, 0, 0, 0, 0, 0, 0, 0, 0, 0, 3, 9
"/Users/velen/Desktop/work/sc/frontend/sc-ui/src/package/radio/components/ScRadioGroup.vue", "Vue", 0, 32, 0, 0, 0, 0, 0, 0, 0, 0, 0, 0, 0, 4, 36
"/Users/velen/Desktop/work/sc/frontend/sc-ui/src/package/radio/components/ScRadioTooltipGroup.vue", "Vue", 0, 83, 0, 0, 0, 0, 0, 0, 0, 0, 0, 0, 0, 11, 94
"/Users/velen/Desktop/work/sc/frontend/sc-ui/src/package/radio/components/types.ts", "TypeScript", 9, 0, 0, 0, 0, 0, 0, 0, 0, 0, 0, 0, 0, 1, 10
"/Users/velen/Desktop/work/sc/frontend/sc-ui/src/package/radio/demo/basic.vue", "Vue", 0, 19, 0, 0, 0, 0, 0, 0, 0, 0, 0, 0, 0, 3, 22
"/Users/velen/Desktop/work/sc/frontend/sc-ui/src/package/radio/demo/styleMode.vue", "Vue", 0, 22, 0, 0, 0, 0, 0, 0, 0, 0, 0, 0, 0, 4, 26
"/Users/velen/Desktop/work/sc/frontend/sc-ui/src/package/radio/demo/tooltip.vue", "Vue", 0, 40, 0, 0, 0, 0, 0, 0, 0, 0, 0, 0, 0, 5, 45
"/Users/velen/Desktop/work/sc/frontend/sc-ui/src/package/radio/index.en-US.md", "Markdown", 0, 0, 6, 0, 0, 0, 0, 0, 0, 0, 0, 0, 0, 3, 9
"/Users/velen/Desktop/work/sc/frontend/sc-ui/src/package/radio/index.ts", "TypeScript", 8, 0, 0, 0, 0, 0, 0, 0, 0, 0, 0, 0, 0, 4, 12
"/Users/velen/Desktop/work/sc/frontend/sc-ui/src/package/radio/index.zh-CN.md", "Markdown", 0, 0, 27, 0, 0, 0, 0, 0, 0, 0, 0, 0, 0, 10, 37
"/Users/velen/Desktop/work/sc/frontend/sc-ui/src/package/steps/component/ScStep.vue", "Vue", 0, 222, 0, 0, 0, 0, 0, 0, 0, 0, 0, 0, 6, 24, 252
"/Users/velen/Desktop/work/sc/frontend/sc-ui/src/package/steps/component/ScSteps.vue", "Vue", 0, 75, 0, 0, 0, 0, 0, 0, 0, 0, 0, 0, 0, 9, 84
"/Users/velen/Desktop/work/sc/frontend/sc-ui/src/package/steps/component/type.ts", "TypeScript", 22, 0, 0, 0, 0, 0, 0, 0, 0, 0, 0, 0, 36, 5, 63
"/Users/velen/Desktop/work/sc/frontend/sc-ui/src/package/steps/demo/basic.vue", "Vue", 0, 21, 0, 0, 0, 0, 0, 0, 0, 0, 0, 0, 0, 2, 23
"/Users/velen/Desktop/work/sc/frontend/sc-ui/src/package/steps/demo/center.vue", "Vue", 0, 12, 0, 0, 0, 0, 0, 0, 0, 0, 0, 0, 0, 1, 13
"/Users/velen/Desktop/work/sc/frontend/sc-ui/src/package/steps/demo/icon.vue", "Vue", 0, 22, 0, 0, 0, 0, 0, 0, 0, 0, 0, 0, 0, 1, 23
"/Users/velen/Desktop/work/sc/frontend/sc-ui/src/package/steps/demo/simple.vue", "Vue", 0, 12, 0, 0, 0, 0, 0, 0, 0, 0, 0, 0, 0, 1, 13
"/Users/velen/Desktop/work/sc/frontend/sc-ui/src/package/steps/demo/status.vue", "Vue", 0, 12, 0, 0, 0, 0, 0, 0, 0, 0, 0, 0, 0, 1, 13
"/Users/velen/Desktop/work/sc/frontend/sc-ui/src/package/steps/demo/vertical.vue", "Vue", 0, 12, 0, 0, 0, 0, 0, 0, 0, 0, 0, 0, 0, 1, 13
"/Users/velen/Desktop/work/sc/frontend/sc-ui/src/package/steps/index.en-US.md", "Markdown", 0, 0, 6, 0, 0, 0, 0, 0, 0, 0, 0, 0, 0, 3, 9
"/Users/velen/Desktop/work/sc/frontend/sc-ui/src/package/steps/index.ts", "TypeScript", 10, 0, 0, 0, 0, 0, 0, 0, 0, 0, 0, 0, 0, 7, 17
"/Users/velen/Desktop/work/sc/frontend/sc-ui/src/package/steps/index.zh-CN.md", "Markdown", 0, 0, 47, 0, 0, 0, 0, 0, 0, 0, 0, 0, 0, 20, 67
"/Users/velen/Desktop/work/sc/frontend/sc-ui/src/package/table/component/CheckoutBtn.vue", "Vue", 0, 59, 0, 0, 0, 0, 0, 0, 0, 0, 0, 0, 0, 8, 67
"/Users/velen/Desktop/work/sc/frontend/sc-ui/src/package/table/component/ColumnDialog.vue", "Vue", 0, 75, 0, 0, 0, 0, 0, 0, 0, 0, 0, 0, 0, 6, 81
"/Users/velen/Desktop/work/sc/frontend/sc-ui/src/package/table/component/Empty.vue", "Vue", 0, 15, 0, 0, 0, 0, 0, 0, 0, 0, 0, 0, 0, 3, 18
"/Users/velen/Desktop/work/sc/frontend/sc-ui/src/package/table/component/FilterDropDown.vue", "Vue", 0, 121, 0, 0, 0, 0, 0, 0, 0, 0, 0, 0, 0, 4, 125
"/Users/velen/Desktop/work/sc/frontend/sc-ui/src/package/table/component/FilterTags.vue", "Vue", 0, 53, 0, 0, 0, 0, 0, 0, 0, 0, 0, 0, 0, 7, 60
"/Users/velen/Desktop/work/sc/frontend/sc-ui/src/package/table/component/ScTable.vue", "Vue", 0, 595, 0, 0, 0, 0, 0, 0, 0, 0, 0, 0, 1, 52, 648
"/Users/velen/Desktop/work/sc/frontend/sc-ui/src/package/table/component/TableAction.vue", "Vue", 0, 211, 0, 0, 0, 0, 0, 0, 0, 0, 0, 0, 0, 18, 229
"/Users/velen/Desktop/work/sc/frontend/sc-ui/src/package/table/component/TableFilter.vue", "Vue", 0, 209, 0, 0, 0, 0, 0, 0, 0, 0, 0, 0, 0, 21, 230
"/Users/velen/Desktop/work/sc/frontend/sc-ui/src/package/table/component/Td/Address.vue", "Vue", 0, 43, 0, 0, 0, 0, 0, 0, 0, 0, 0, 0, 1, 6, 50
"/Users/velen/Desktop/work/sc/frontend/sc-ui/src/package/table/component/Td/Copy.vue", "Vue", 0, 41, 0, 0, 0, 0, 0, 0, 0, 0, 0, 0, 0, 4, 45
"/Users/velen/Desktop/work/sc/frontend/sc-ui/src/package/table/component/Td/Ellipsis.vue", "Vue", 0, 46, 0, 0, 0, 0, 0, 0, 0, 0, 0, 0, 0, 4, 50
"/Users/velen/Desktop/work/sc/frontend/sc-ui/src/package/table/component/Td/Handle.vue", "Vue", 0, 54, 0, 0, 0, 0, 0, 0, 0, 0, 0, 0, 0, 5, 59
"/Users/velen/Desktop/work/sc/frontend/sc-ui/src/package/table/component/Td/Status.vue", "Vue", 0, 18, 0, 0, 0, 0, 0, 0, 0, 0, 0, 0, 0, 3, 21
"/Users/velen/Desktop/work/sc/frontend/sc-ui/src/package/table/component/Td/index.ts", "TypeScript", 5, 0, 0, 0, 0, 0, 0, 0, 0, 0, 0, 0, 7, 1, 13
"/Users/velen/Desktop/work/sc/frontend/sc-ui/src/package/table/demo/Empty.vue", "Vue", 0, 15, 0, 0, 0, 0, 0, 0, 0, 0, 0, 0, 0, 4, 19
"/Users/velen/Desktop/work/sc/frontend/sc-ui/src/package/table/demo/action.vue", "Vue", 0, 188, 0, 0, 0, 0, 0, 0, 0, 0, 0, 0, 0, 12, 200
"/Users/velen/Desktop/work/sc/frontend/sc-ui/src/package/table/demo/all.vue", "Vue", 0, 354, 0, 0, 0, 0, 0, 0, 0, 0, 0, 0, 6, 22, 382
"/Users/velen/Desktop/work/sc/frontend/sc-ui/src/package/table/demo/api.vue", "Vue", 0, 87, 0, 0, 0, 0, 0, 0, 0, 0, 0, 0, 1, 11, 99
"/Users/velen/Desktop/work/sc/frontend/sc-ui/src/package/table/demo/basic.vue", "Vue", 0, 94, 0, 0, 0, 0, 0, 0, 0, 0, 0, 0, 1, 12, 107
"/Users/velen/Desktop/work/sc/frontend/sc-ui/src/package/table/demo/basicCol.vue", "Vue", 0, 94, 0, 0, 0, 0, 0, 0, 0, 0, 0, 0, 0, 10, 104
"/Users/velen/Desktop/work/sc/frontend/sc-ui/src/package/table/demo/expandedRow.vue", "Vue", 0, 90, 0, 0, 0, 0, 0, 0, 0, 0, 0, 0, 3, 10, 103
"/Users/velen/Desktop/work/sc/frontend/sc-ui/src/package/table/demo/filter.vue", "Vue", 0, 181, 0, 0, 0, 0, 0, 0, 0, 0, 0, 0, 0, 11, 192
"/Users/velen/Desktop/work/sc/frontend/sc-ui/src/package/table/demo/header.vue", "Vue", 0, 218, 0, 0, 0, 0, 0, 0, 0, 0, 0, 0, 0, 18, 236
"/Users/velen/Desktop/work/sc/frontend/sc-ui/src/package/table/demo/radio.vue", "Vue", 0, 96, 0, 0, 0, 0, 0, 0, 0, 0, 0, 0, 0, 13, 109
"/Users/velen/Desktop/work/sc/frontend/sc-ui/src/package/table/demo/tableData.ts", "TypeScript", 70, 0, 0, 0, 0, 0, 0, 0, 0, 0, 0, 0, 0, 0, 70
"/Users/velen/Desktop/work/sc/frontend/sc-ui/src/package/table/demo/useTable.vue", "Vue", 0, 121, 0, 0, 0, 0, 0, 0, 0, 0, 0, 0, 1, 12, 134
"/Users/velen/Desktop/work/sc/frontend/sc-ui/src/package/table/hooks/uesColumn.ts", "TypeScript", 115, 0, 0, 0, 0, 0, 0, 0, 0, 0, 0, 0, 4, 18, 137
"/Users/velen/Desktop/work/sc/frontend/sc-ui/src/package/table/hooks/uesDialog.ts", "TypeScript", 64, 0, 0, 0, 0, 0, 0, 0, 0, 0, 0, 0, 4, 9, 77
"/Users/velen/Desktop/work/sc/frontend/sc-ui/src/package/table/hooks/useActions.ts", "TypeScript", 55, 0, 0, 0, 0, 0, 0, 0, 0, 0, 0, 0, 6, 6, 67
"/Users/velen/Desktop/work/sc/frontend/sc-ui/src/package/table/hooks/useDataSource.ts", "TypeScript", 331, 0, 0, 0, 0, 0, 0, 0, 0, 0, 0, 0, 14, 42, 387
"/Users/velen/Desktop/work/sc/frontend/sc-ui/src/package/table/hooks/useFIlter.ts", "TypeScript", 91, 0, 0, 0, 0, 0, 0, 0, 0, 0, 0, 0, 17, 10, 118
"/Users/velen/Desktop/work/sc/frontend/sc-ui/src/package/table/hooks/useLoading.ts", "TypeScript", 15, 0, 0, 0, 0, 0, 0, 0, 0, 0, 0, 0, 1, 6, 22
"/Users/velen/Desktop/work/sc/frontend/sc-ui/src/package/table/hooks/usePagination.ts", "TypeScript", 55, 0, 0, 0, 0, 0, 0, 0, 0, 0, 0, 0, 5, 12, 72
"/Users/velen/Desktop/work/sc/frontend/sc-ui/src/package/table/hooks/useRowSelection.ts", "TypeScript", 107, 0, 0, 0, 0, 0, 0, 0, 0, 0, 0, 0, 2, 16, 125
"/Users/velen/Desktop/work/sc/frontend/sc-ui/src/package/table/hooks/useTable.ts", "TypeScript", 130, 0, 0, 0, 0, 0, 0, 0, 0, 0, 0, 0, 17, 13, 160
"/Users/velen/Desktop/work/sc/frontend/sc-ui/src/package/table/hooks/useTableContext.ts", "TypeScript", 17, 0, 0, 0, 0, 0, 0, 0, 0, 0, 0, 0, 0, 6, 23
"/Users/velen/Desktop/work/sc/frontend/sc-ui/src/package/table/hooks/useTableExpand.ts", "TypeScript", 72, 0, 0, 0, 0, 0, 0, 0, 0, 0, 0, 0, 2, 12, 86
"/Users/velen/Desktop/work/sc/frontend/sc-ui/src/package/table/index.en-US.md", "Markdown", 0, 0, 6, 0, 0, 0, 0, 0, 0, 0, 0, 0, 0, 3, 9
"/Users/velen/Desktop/work/sc/frontend/sc-ui/src/package/table/index.ts", "TypeScript", 8, 0, 0, 0, 0, 0, 0, 0, 0, 0, 0, 0, 0, 3, 11
"/Users/velen/Desktop/work/sc/frontend/sc-ui/src/package/table/index.zh-CN.md", "Markdown", 0, 0, 426, 0, 0, 0, 0, 0, 0, 0, 0, 0, 0, 185, 611
"/Users/velen/Desktop/work/sc/frontend/sc-ui/src/package/table/types/column.ts", "TypeScript", 118, 0, 0, 0, 0, 0, 0, 0, 0, 0, 0, 0, 102, 37, 257
"/Users/velen/Desktop/work/sc/frontend/sc-ui/src/package/table/types/pagination.ts", "TypeScript", 33, 0, 0, 0, 0, 0, 0, 0, 0, 0, 0, 0, 65, 18, 116
"/Users/velen/Desktop/work/sc/frontend/sc-ui/src/package/table/types/table.ts", "TypeScript", 316, 0, 0, 0, 0, 0, 0, 0, 0, 0, 0, 0, 134, 43, 493
"/Users/velen/Desktop/work/sc/frontend/sc-ui/src/package/tabs/components/ScTabs.vue", "Vue", 0, 37, 0, 0, 0, 0, 0, 0, 0, 0, 0, 0, 0, 4, 41
"/Users/velen/Desktop/work/sc/frontend/sc-ui/src/package/tabs/components/ScTabs1.vue", "Vue", 0, 60, 0, 0, 0, 0, 0, 0, 0, 0, 0, 0, 9, 7, 76
"/Users/velen/Desktop/work/sc/frontend/sc-ui/src/package/tabs/demo/basic.vue", "Vue", 0, 15, 0, 0, 0, 0, 0, 0, 0, 0, 0, 0, 0, 2, 17
"/Users/velen/Desktop/work/sc/frontend/sc-ui/src/package/tabs/demo/styleMode.vue", "Vue", 0, 15, 0, 0, 0, 0, 0, 0, 0, 0, 0, 0, 0, 2, 17
"/Users/velen/Desktop/work/sc/frontend/sc-ui/src/package/tabs/index.en-US.md", "Markdown", 0, 0, 6, 0, 0, 0, 0, 0, 0, 0, 0, 0, 0, 3, 9
"/Users/velen/Desktop/work/sc/frontend/sc-ui/src/package/tabs/index.ts", "TypeScript", 3, 0, 0, 0, 0, 0, 0, 0, 0, 0, 0, 0, 0, 2, 5
"/Users/velen/Desktop/work/sc/frontend/sc-ui/src/package/tabs/index.zh-CN.md", "Markdown", 0, 0, 20, 0, 0, 0, 0, 0, 0, 0, 0, 0, 0, 7, 27
"/Users/velen/Desktop/work/sc/frontend/sc-ui/src/style/color/bezierEasing.less", "Less", 0, 0, 0, 85, 0, 0, 0, 0, 0, 0, 0, 0, 10, 16, 111
"/Users/velen/Desktop/work/sc/frontend/sc-ui/src/style/color/colorPalette.less", "Less", 0, 0, 0, 70, 0, 0, 0, 0, 0, 0, 0, 0, 8, 4, 82
"/Users/velen/Desktop/work/sc/frontend/sc-ui/src/style/color/colors.less", "Less", 0, 0, 0, 146, 0, 0, 0, 0, 0, 0, 0, 0, 2, 15, 163
"/Users/velen/Desktop/work/sc/frontend/sc-ui/src/style/color/tinyColor.less", "Less", 0, 0, 0, 905, 0, 0, 0, 0, 0, 0, 0, 0, 148, 132, 1185
"/Users/velen/Desktop/work/sc/frontend/sc-ui/src/style/component/alert.less", "Less", 0, 0, 0, 55, 0, 0, 0, 0, 0, 0, 0, 0, 0, 0, 55
"/Users/velen/Desktop/work/sc/frontend/sc-ui/src/style/component/button.less", "Less", 0, 0, 0, 35, 0, 0, 0, 0, 0, 0, 0, 0, 0, 2, 37
"/Users/velen/Desktop/work/sc/frontend/sc-ui/src/style/component/dropdown.less", "Less", 0, 0, 0, 129, 0, 0, 0, 0, 0, 0, 0, 0, 0, 0, 129
"/Users/velen/Desktop/work/sc/frontend/sc-ui/src/style/component/index.less", "Less", 0, 0, 0, 14, 0, 0, 0, 0, 0, 0, 0, 0, 0, 0, 14
"/Users/velen/Desktop/work/sc/frontend/sc-ui/src/style/component/menu.less", "Less", 0, 0, 0, 0, 0, 0, 0, 0, 0, 0, 0, 0, 0, 1, 1
"/Users/velen/Desktop/work/sc/frontend/sc-ui/src/style/component/modal.less", "Less", 0, 0, 0, 134, 0, 0, 0, 0, 0, 0, 0, 0, 8, 0, 142
"/Users/velen/Desktop/work/sc/frontend/sc-ui/src/style/component/pagination.less", "Less", 0, 0, 0, 27, 0, 0, 0, 0, 0, 0, 0, 0, 0, 0, 27
"/Users/velen/Desktop/work/sc/frontend/sc-ui/src/style/component/radio.less", "Less", 0, 0, 0, 50, 0, 0, 0, 0, 0, 0, 0, 0, 1, 1, 52
"/Users/velen/Desktop/work/sc/frontend/sc-ui/src/style/component/select.less", "Less", 0, 0, 0, 36, 0, 0, 0, 0, 0, 0, 0, 0, 7, 0, 43
"/Users/velen/Desktop/work/sc/frontend/sc-ui/src/style/component/step.less", "Less", 0, 0, 0, 275, 0, 0, 0, 0, 0, 0, 0, 0, 16, 21, 312
"/Users/velen/Desktop/work/sc/frontend/sc-ui/src/style/component/steps.less", "Less", 0, 0, 0, 15, 0, 0, 0, 0, 0, 0, 0, 0, 0, 0, 15
"/Users/velen/Desktop/work/sc/frontend/sc-ui/src/style/component/table.less", "Less", 0, 0, 0, 296, 0, 0, 0, 0, 0, 0, 0, 0, 4, 9, 309
"/Users/velen/Desktop/work/sc/frontend/sc-ui/src/style/component/tabs.less", "Less", 0, 0, 0, 49, 0, 0, 0, 0, 0, 0, 0, 0, 0, 0, 49
"/Users/velen/Desktop/work/sc/frontend/sc-ui/src/style/component/tag.less", "Less", 0, 0, 0, 15, 0, 0, 0, 0, 0, 0, 0, 0, 0, 0, 15
"/Users/velen/Desktop/work/sc/frontend/sc-ui/src/style/component/tooltip.less", "Less", 0, 0, 0, 18, 0, 0, 0, 0, 0, 0, 0, 0, 1, 0, 19
"/Users/velen/Desktop/work/sc/frontend/sc-ui/src/style/index.less", "Less", 0, 0, 0, 5, 0, 0, 0, 0, 0, 0, 0, 0, 1, 1, 7
"/Users/velen/Desktop/work/sc/frontend/sc-ui/src/style/other/index.less", "Less", 0, 0, 0, 108, 0, 0, 0, 0, 0, 0, 0, 0, 3, 6, 117
"/Users/velen/Desktop/work/sc/frontend/sc-ui/src/style/var/common.less", "Less", 0, 0, 0, 36, 0, 0, 0, 0, 0, 0, 0, 0, 0, 3, 39
"/Users/velen/Desktop/work/sc/frontend/sc-ui/src/style/var/index.less", "Less", 0, 0, 0, 68, 0, 0, 0, 0, 0, 0, 0, 0, 13, 34, 115
"/Users/velen/Desktop/work/sc/frontend/sc-ui/src/style/var/mixins.less", "Less", 0, 0, 0, 3, 0, 0, 0, 0, 0, 0, 0, 0, 0, 0, 3
"/Users/velen/Desktop/work/sc/frontend/sc-ui/src/types.ts", "TypeScript", 4, 0, 0, 0, 0, 0, 0, 0, 0, 0, 0, 0, 0, 0, 4
"/Users/velen/Desktop/work/sc/frontend/sc-ui/src/types/draggable.ts", "TypeScript", 30, 0, 0, 0, 0, 0, 0, 0, 0, 0, 0, 0, 51, 2, 83
"/Users/velen/Desktop/work/sc/frontend/sc-ui/src/utils/index.ts", "TypeScript", 33, 0, 0, 0, 0, 0, 0, 0, 0, 0, 0, 0, 1, 10, 44
"/Users/velen/Desktop/work/sc/frontend/sc-ui/src/utils/is.ts", "TypeScript", 73, 0, 0, 0, 0, 0, 0, 0, 0, 0, 0, 0, 2, 26, 101
"/Users/velen/Desktop/work/sc/frontend/sc-ui/src/utils/nodeType.ts", "TypeScript", 41, 0, 0, 0, 0, 0, 0, 0, 0, 0, 0, 0, 2, 10, 53
"/Users/velen/Desktop/work/sc/frontend/sc-ui/src/utils/propTypes.ts", "TypeScript", 29, 0, 0, 0, 0, 0, 0, 0, 0, 0, 0, 0, 1, 5, 35
"/Users/velen/Desktop/work/sc/frontend/sc-ui/src/utils/treeHelper.ts", "TypeScript", 177, 0, 0, 0, 0, 0, 0, 0, 0, 0, 0, 0, 14, 14, 205
"/Users/velen/Desktop/work/sc/frontend/sc-ui/src/utils/uuid.ts", "TypeScript", 26, 0, 0, 0, 0, 0, 0, 0, 0, 0, 0, 0, 0, 3, 29
"/Users/velen/Desktop/work/sc/frontend/sc-ui/tsconfig.json", "JSON with Comments", 0, 0, 0, 0, 45, 0, 0, 0, 0, 0, 0, 0, 37, 1, 83
"/Users/velen/Desktop/work/sc/frontend/sc-ui/types/global.d.ts", "TypeScript", 24, 0, 0, 0, 0, 0, 0, 0, 0, 0, 0, 0, 2, 0, 26
"/Users/velen/Desktop/work/sc/frontend/sc-ui/types/shims-vue.d.ts", "TypeScript", 0, 0, 0, 0, 0, 0, 0, 0, 0, 0, 0, 0, 6, 0, 6
"/Users/velen/Desktop/work/sc/frontend/sc-ui/types/utils.d.ts", "TypeScript", 4, 0, 0, 0, 0, 0, 0, 0, 0, 0, 0, 0, 0, 2, 6
"/Users/velen/Desktop/work/sc/frontend/sc-ui/types/vue-test-utils.d.ts", "TypeScript", 9, 0, 0, 0, 0, 0, 0, 0, 0, 0, 0, 0, 2, 3, 14
"/Users/velen/Desktop/work/sc/frontend/sc-ui/vite.config.ts", "TypeScript", 55, 0, 0, 0, 0, 0, 0, 0, 0, 0, 0, 0, 12, 7, 74
"/Users/velen/Desktop/work/sc/frontend/sc-ui/yarn-error.log", "ReactNativeToolsOutput", 0, 0, 0, 0, 0, 0, 0, 151, 0, 0, 0, 0, 0, 9, 160
"Total", "-", 2849, 4590, 1569, 2588, 45, 1295, 372, 151, 7463, 4544, 218, 3224, 991, 4545, 34444